county_vera,year,n_docs,mean_ideology,pct_progressive,pct_traditional,pct_ext_lenient,pct_int_lenient,county_name,jail_pop,jail_pop_rate,jail_pretrial,jail_pretrial_rate,jail_adm,jail_adm_rate,jail_sentenced,black_jail_rate,white_jail_rate,total_pop,jail_capacity,bw_disparity,jail_utilisation,pretrial_share
Alameda County,2015.0,9,-0.2222222222222222,22.22222222222222,33.33333333333333,22.22222222222222,22.22222222222222,Alameda County,2716.25,237.61,2268.185,198.4125,47628.125,4166.345,448.065,955.995,111.9925,1642990.0,4759.75,8.536241266156216,57.06707285046484,83.50427979751495
Alameda County,2016.0,10,-1.125,0.0,50.0,10.0,20.0,Alameda County,2485.75,215.3125,2073.1925,179.5775,41207.125,3569.3,412.5575,871.8199999999999,107.2625,1661118.0,4723.375,8.12791049994173,52.62656469156058,83.40309765664287
Alameda County,2017.0,7,-0.5714285714285714,0.0,42.857142857142854,0.0,14.285714285714285,Alameda County,2546.0,219.665,2092.2325,180.515,44743.6875,3860.4275,453.76750000000004,916.0575,115.3075,1671789.0,4716.0,7.94447455716237,53.98642917726887,82.17723880597015
Alameda County,2018.0,10,0.0,20.0,10.0,60.0,40.0,Alameda County,2570.5,221.0625,2158.005,185.59,42155.9375,3625.44,412.495,932.01,116.945,1680245.0,4485.9375,7.969643849672924,57.30128874956462,83.95273293133631
Alameda County,2019.0,6,0.0,0.0,0.0,50.0,50.0,Alameda County,2528.25,217.465,2289.88,196.9625,37324.1875,3210.425,238.37,939.355,104.93,1683755.0,3565.6875,8.95220623272658,70.90497975495609,90.57173934539702
Alameda County,2020.0,6,0.6,33.33333333333333,16.666666666666664,50.0,50.0,Alameda County,2035.9375,175.97,1912.77,165.325,30949.25,2674.995,123.16749999999999,727.675,99.4675,1680380.0,3489.0,7.315706135169779,58.3530381198051,93.9503300076746
Alameda County,2021.0,5,0.4,60.0,20.0,80.0,20.0,Alameda County,2139.25,190.3625,1944.73,173.05,24318.75,2163.9925000000003,194.51999999999998,763.8199999999999,115.17,1643837.0,3488.25,6.632109056177823,61.32731312262596,90.90709360757275
Amador County,2022.0,3,1.0,33.33333333333333,0.0,33.33333333333333,33.33333333333333,Amador County,92.75,376.6675,,,1322.0,5368.75,92.75,,,41412.0,76.0,,122.03947368421053,
Contra Costa County,2015.0,2,0.5,50.0,50.0,50.0,50.0,Contra Costa County,1420.0,189.14999999999998,1111.7325,148.0925,25960.5,3458.0725,308.2675,619.3075,91.655,1130639.0,1979.0,6.7569417925917845,71.75341081354219,78.29102112676057
Contra Costa County,2016.0,3,-0.3333333333333333,0.0,33.33333333333333,0.0,0.0,Contra Costa County,1430.0,188.415,1170.055,154.1625,24450.25,3221.535,259.945,628.53,99.185,1145028.0,1979.0,6.336946110803044,72.25871652349672,81.82202797202798
Contra Costa County,2018.0,2,0.0,0.0,0.0,0.0,0.0,Contra Costa County,1359.25,177.4425,1081.6625,141.20749999999998,23679.6875,3091.2574999999997,277.5875,601.61,118.67,1161098.0,1971.125,5.069604786382405,68.9580823133997,79.57789221997425
Contra Costa County,2019.0,5,0.0,0.0,0.0,0.0,0.0,Contra Costa County,1204.0,157.2675,1025.72,133.98000000000002,23479.5,3066.8875,178.28,582.0425,107.99,1164410.0,1947.5,5.389781461246412,61.822849807445444,85.19269102990033
Contra Costa County,2020.0,20,0.4444444444444444,65.0,25.0,75.0,75.0,Contra Costa County,858.0625,112.27,767.74,100.4525,17060.3125,2232.2525,90.32249999999999,457.1475,70.3175,1165986.0,1980.5,6.501191026415899,43.32554910376168,89.47366887610168
Contra Costa County,2021.0,47,0.4666666666666667,36.17021276595745,14.893617021276595,29.78723404255319,36.17021276595745,Contra Costa County,760.0,99.845,644.0,84.6075,12072.3125,1585.99,116.0,413.6,57.8225,1163298.0,1967.75,7.152924899476848,38.62279252953881,84.73684210526315
Del Norte County,2018.0,2,-1.5,0.0,100.0,0.0,0.0,Del Norte County,95.25,534.03,40.35,226.22500000000002,2714.625,15219.92,75.075,235.075,568.16,27643.0,105.8325,0.4137478879188961,90.00070866699738,42.36220472440945
El Dorado County,2021.0,2,-1.0,0.0,50.0,50.0,50.0,El Dorado County,328.5,275.33,223.9325,187.685,4583.875,3841.9224999999997,104.5675,1131.77,274.4525,193590.0,461.0,4.123737258724187,71.25813449023862,68.16818873668188
Fresno County,2017.0,2,0.0,0.0,0.0,50.0,0.0,Fresno County,2960.5,465.665,2081.84,327.4625,33216.25,5224.695,878.66,1646.71,324.7625,990127.0,3291.0,5.070505369308341,89.95745973868125,70.32055396047964
Fresno County,2020.0,2,0.0,0.0,0.0,0.0,0.0,Fresno County,2545.625,393.7,2276.795,352.1225,25156.75,3890.675,268.83,1248.26,233.5675,1009503.0,3291.0,5.344322305115224,77.35110908538438,89.43952860299534
Fresno County,2021.0,15,-0.5,20.0,40.0,6.666666666666667,26.666666666666668,Fresno County,2640.25,405.985,2419.8675000000003,372.09749999999997,22868.3125,3516.3824999999997,220.3825,1328.9175,276.635,1012992.0,3296.4375,4.803866105156614,80.09404091538214,91.652968468895
Inyo County,2021.0,4,-0.75,0.0,50.0,0.0,0.0,Inyo County,51.25,459.93,,,796.0,7143.5,51.25,,,18927.0,96.0,,53.385416666666664,
Los Angeles County,2015.0,23,-0.47368421052631576,4.3478260869565215,30.434782608695656,8.695652173913043,0.0,Los Angeles County,16637.745,238.555,8431.657500000001,120.89,156711.915,2246.9375,8206.0875,821.6775,137.38,10101108.0,20497.4225,5.9810561944970155,81.16993734212191,50.67788633615915
Los Angeles County,2016.0,11,0.5454545454545454,63.63636363636363,9.090909090909092,54.54545454545454,36.36363636363637,Los Angeles County,16305.4375,233.5725,10187.7,145.9325,155919.0625,2233.4975,6117.7375,806.8175,132.76,10123056.0,20729.5625,6.0772634829768,78.65789497486982,62.48038422765412
Los Angeles County,2017.0,32,0.37037037037037035,40.625,18.75,43.75,25.0,Los Angeles County,16837.5,241.6475,10547.1725,151.3725,148132.3125,2125.9700000000003,6290.327499999999,840.1524999999999,138.6875,10124649.0,21876.8125,6.057881928796755,76.96505146716414,62.64096510764663
Los Angeles County,2018.0,53,-0.0625,22.641509433962266,18.867924528301888,35.84905660377358,32.075471698113205,Los Angeles County,16675.25,240.395,10944.7375,157.785,134598.75,1940.4275,5730.512500000001,827.9,136.005,10098033.0,21263.625,6.087276203080769,78.4214826963888,65.63462316906794
Los Angeles County,2019.0,65,0.13725490196078433,26.153846153846157,13.846153846153847,26.153846153846157,13.846153846153847,Los Angeles County,16933.9375,245.785,11596.02,168.3075,123946.5625,1799.005,5337.9175,864.6625,127.5975,10052530.0,21011.3125,6.776484648993907,80.59438219292583,68.47798983550047
Los Angeles County,2020.0,100,0.75,48.0,10.0,39.0,38.0,Los Angeles County,14049.715,205.5925,9005.3625,131.7775,99732.125,1459.4025,5044.3525,707.45,96.5675,9992236.0,21333.5,7.32596370414477,65.85752455058945,64.09640693779197
Los Angeles County,2021.0,43,1.0833333333333333,60.46511627906976,0.0,41.86046511627907,41.86046511627907,Los Angeles County,14343.0375,214.46,7683.7525000000005,114.8875,75612.0,1130.555,6659.285,723.135,103.63499999999999,9811842.0,21388.75,6.9777102330293825,67.05879258956227,53.571305938508495
Los Angeles County,2022.0,17,0.9230769230769231,41.17647058823529,5.88235294117647,35.294117647058826,29.411764705882355,Los Angeles County,13790.25,208.3075,6656.37,100.545,77994.25,1178.12,7133.88,721.7825,103.0175,9721138.0,21391.0,7.006406678476958,64.46753307465757,48.2686680807092
Madera County,2019.0,2,1.0,100.0,0.0,100.0,100.0,Madera County,473.0,482.77750000000003,361.9875,369.4675,5306.6875,5416.37,111.0125,889.3525,392.335,155463.0,564.0,2.2668191723909414,83.86524822695036,76.5301268498943
Madera County,2020.0,3,1.0,66.66666666666666,0.0,33.33333333333333,33.33333333333333,Madera County,394.4375,401.19,243.89249999999998,248.07,4788.1875,4870.1525,150.54500000000002,721.8050000000001,304.70500000000004,156343.0,564.0,2.368864967755698,69.93572695035462,61.83299001742988
Madera County,2021.0,4,1.0,50.0,0.0,25.0,25.0,Madera County,415.25,413.45,247.83499999999998,246.76,4537.0,4517.35,167.41500000000002,879.485,332.14750000000004,158910.0,564.0,2.6478748146531284,73.62588652482269,59.68332329921734
Marin County,2015.0,2,0.5,50.0,0.0,0.0,50.0,Marin County,272.25,164.4125,209.83249999999998,126.7175,7166.5,4327.885,62.4175,1176.7375,118.5175,263367.0,376.0,9.928807981943594,72.40691489361703,77.0734618916437
Marin County,2016.0,3,0.0,33.33333333333333,33.33333333333333,33.33333333333333,33.33333333333333,Marin County,321.25,195.1625,238.1975,144.7075,6776.625,4116.8025,83.0525,1419.6075,142.43,263542.0,376.0,9.967053991434389,85.43882978723404,74.14708171206226
Marin County,2017.0,3,0.6666666666666666,66.66666666666666,0.0,33.33333333333333,33.33333333333333,Marin County,322.75,197.5225,231.57,141.72,6779.75,4149.1975,91.18,1319.565,155.3375,263209.0,376.0,8.49482578257021,85.8377659574468,71.74903175832688
Marin County,2019.0,3,0.6666666666666666,66.66666666666666,0.0,0.0,33.33333333333333,Marin County,277.25,171.20250000000001,154.48499999999999,95.395,7245.125,4473.82,122.765,988.385,124.20500000000001,263195.0,376.0,7.957690914214402,73.73670212765957,55.7204688908927
Marin County,2020.0,4,0.0,25.0,25.0,25.0,25.0,Marin County,194.1875,121.3775,159.0625,99.4225,6009.9375,3756.515,35.125,824.115,68.9075,261282.0,377.6875,11.959728621703007,51.414860168790334,81.91181203733505
Marin County,2021.0,9,0.75,55.55555555555556,22.22222222222222,55.55555555555556,44.44444444444444,Marin County,201.25,127.1775,171.8775,108.6175,5805.6875,3668.8424999999997,29.372500000000002,1072.125,68.5,259162.0,384.625,15.651459854014599,52.323691907702305,85.40496894409938
Marin County,2022.0,3,2.0,100.0,0.0,100.0,66.66666666666666,Marin County,246.25,158.7,214.5625,138.28,5408.125,3485.3575,31.6875,,,256018.0,385.9375,,63.805668016194325,87.13197969543147
Merced County,2018.0,2,-1.0,0.0,50.0,0.0,0.0,Merced County,602.75,339.74,508.33500000000004,286.525,6491.875,3659.165,94.415,1221.545,341.7425,275542.0,751.1875,3.5744603027133004,80.23962060071554,84.33596018249689
Merced County,2019.0,5,-0.2,40.0,40.0,40.0,40.0,Merced County,628.25,349.57500000000005,503.87,280.37,6448.3125,3588.0175,124.38,2059.2625,397.2625,279169.0,746.4375,5.1836317296497905,84.16645733902705,80.20214882610426
Merced County,2020.0,6,-0.5,16.666666666666664,50.0,16.666666666666664,16.666666666666664,Merced County,580.5,319.735,475.075,261.6675,4899.875,2698.81,105.425,1649.8575,304.8425,281814.0,746.0,5.412163658282556,77.81501340482573,81.83893195521102
Merced County,2021.0,4,0.25,25.0,25.0,50.0,50.0,Merced County,533.5,291.2975,468.0425,255.5575,2630.5,1436.28,65.4575,771.59,220.175,284458.0,746.0,3.504439650278188,71.51474530831099,87.73055295220244
Merced County,2023.0,5,0.0,20.0,20.0,20.0,20.0,Merced County,463.0,245.985,411.34000000000003,218.54000000000002,4706.1875,2500.3275,257.33,944.625,186.785,290014.0,746.0,5.057285113901009,62.06434316353887,88.84233261339094
Monterey County,2018.0,2,1.0,100.0,0.0,100.0,0.0,Monterey County,873.5,307.7525,527.9275,186.0025,10528.5,3709.415,345.5725,847.2875,227.705,439276.0,825.0,3.72098768142992,105.87878787878789,60.43817973669148
Monterey County,2019.0,5,0.4,60.0,40.0,60.0,60.0,Monterey County,863.5,304.3675,543.6424999999999,191.6275,12265.8125,4323.514999999999,319.85749999999996,766.385,217.1325,440040.0,825.0,3.529572956604838,104.66666666666666,62.958019687319045
Monterey County,2020.0,6,0.16666666666666666,50.0,50.0,50.0,50.0,Monterey County,788.875,280.22249999999997,513.1575,182.2825,10841.125,3850.9125000000004,275.7175,668.9075,192.01,438390.0,825.0,3.4837117858444877,95.62121212121212,65.04927903660275
Monterey County,2021.0,13,0.6666666666666666,61.53846153846154,15.384615384615385,76.92307692307693,46.15384615384615,Monterey County,866.75,308.92,557.9925,198.8725,9598.8125,3421.1324999999997,308.7575,735.675,211.0375,437249.0,933.0,3.4859918260972576,92.89924973204717,64.37755985001442
Napa County,2020.0,2,1.5,100.0,0.0,50.0,0.0,Napa County,199.125,227.28,,,5239.0,5979.77,199.125,,,137485.0,276.0,,72.14673913043478,
Napa County,2021.0,2,1.0,50.0,0.0,100.0,50.0,Napa County,195.75,225.7925,,,5239.0,6043.02,195.75,,,136206.0,276.0,,70.92391304347827,
Napa County,2022.0,2,0.0,50.0,50.0,50.0,0.0,Napa County,225.25,264.805,,,5239.0,6158.96,225.25,,,134300.0,276.0,,81.61231884057972,
Orange County,2015.0,2,-1.0,0.0,100.0,0.0,0.0,Orange County,6076.115,283.0425,3298.035,153.6275,79010.67,3680.5099999999998,2778.08,1091.36,192.8775,3157377.0,5804.9425,5.658306438024134,104.67140716725444,54.27867971557484
Orange County,2016.0,9,0.3333333333333333,11.11111111111111,0.0,11.11111111111111,22.22222222222222,Orange County,6486.5975,300.9625,3474.415,161.2025,82540.99,3829.7,3012.1825,1225.955,205.64249999999998,3174293.0,5797.245,5.961583816574882,111.89103617321676,53.56298120856119
Orange County,2017.0,12,0.09090909090909091,25.0,16.666666666666664,41.66666666666667,25.0,Orange County,6386.375,296.025,3238.1175,150.095,85075.375,3943.4825,3148.2575,1143.0525,208.43,3185653.0,5796.5525,5.4841073741783815,110.17540167194208,50.703528997279356
Orange County,2018.0,8,-0.5,12.5,50.0,0.0,25.0,Orange County,6636.33,308.29,3562.3825,165.4925,91568.7775,4253.8675,3073.9475,1119.9025000000001,219.305,3188628.0,5797.295,5.106598116778004,114.47287053703494,53.680008378124654
Orange County,2019.0,17,0.14285714285714285,11.76470588235294,0.0,5.88235294117647,23.52941176470588,Orange County,5890.0,274.84999999999997,3524.1075,164.45,84547.1875,3945.31,2365.8925,1039.6525000000001,187.70499999999998,3185525.0,5879.7,5.538757624996672,100.17517900573158,59.83204584040747
Orange County,2020.0,14,0.15384615384615385,42.857142857142854,28.57142857142857,28.57142857142857,35.714285714285715,Orange County,4315.715,201.995,2680.4075000000003,125.455,72511.875,3393.89,1635.3075,731.9525,124.325,3185516.0,5907.0,5.887412024934647,73.06102928728627,62.10807479177842
Orange County,2021.0,11,0.875,45.45454545454545,0.0,36.36363636363637,45.45454545454545,Orange County,3747.25,177.2525,2365.275,111.88,64215.3125,3037.4875,1381.975,557.825,108.705,3161005.0,5907.0,5.131548686812935,63.437447096664975,63.12028821135499
Orange County,2022.0,2,1.0,50.0,0.0,50.0,100.0,Orange County,3809.75,181.195,2358.825,112.185,67059.3125,3189.34,1450.925,532.9925000000001,112.18,3151184.0,5907.0,4.751225708682475,64.49551379718977,61.915480018373906
Placer County,2019.0,3,-0.3333333333333333,33.33333333333333,66.66666666666666,33.33333333333333,33.33333333333333,Placer County,699.0,279.2975,,,10296.0625,4113.9775,699.0,,,401248.0,806.0,,86.72456575682382,
Placer County,2020.0,8,-0.125,37.5,50.0,50.0,50.0,Placer County,613.0,243.2275,,,10302.0,4087.64,613.0,,,405889.0,806.0,,76.05459057071961,
Placer County,2021.0,7,0.14285714285714285,28.57142857142857,28.57142857142857,57.14285714285714,42.857142857142854,Placer County,611.0,238.10250000000002,,,10302.0,4014.62,611.0,,,412789.0,806.0,,75.80645161290323,
Riverside County,2020.0,3,-1.0,0.0,33.33333333333333,33.33333333333333,33.33333333333333,Riverside County,3560.9375,226.18,2977.6625,189.1325,47544.8125,3019.9125,583.275,594.855,170.0,2422847.0,3741.875,3.4991470588235294,95.16452313345583,83.62018429135586
Riverside County,2022.0,7,1.0,85.71428571428571,0.0,14.285714285714285,14.285714285714285,Riverside County,3587.75,222.51999999999998,3101.0825,192.335,51059.75,3166.8175,486.6675,622.775,172.8475,2473902.0,4975.0,3.603031574075413,72.11557788944724,86.43530067591108
Sacramento County,2018.0,4,1.75,100.0,0.0,100.0,100.0,Sacramento County,3684.5,354.95500000000004,2032.48,195.8025,51705.25,4981.115,1652.02,850.575,210.0,1560992.0,4871.125,4.050357142857143,75.63961097282456,55.16298005156738
Sacramento County,2019.0,5,0.8,80.0,20.0,80.0,60.0,Sacramento County,3672.0,351.1225,2661.7875,254.51999999999998,50288.125,4808.615,1010.2125000000001,888.6225,187.5925,1575957.0,4109.875,4.7369830883430835,89.34578302259801,72.48876633986929
Sacramento County,2020.0,2,0.5,50.0,0.0,0.0,0.0,Sacramento County,3052.8125,290.5425,2406.5925,229.04000000000002,39652.5,3773.8275,646.22,984.475,199.5675,1586465.0,4008.25,4.933042704849237,76.16322584669119,78.83197870815847
Sacramento County,2021.0,3,0.6666666666666666,66.66666666666666,0.0,66.66666666666666,0.0,Sacramento County,3225.25,306.9625,2283.4225,217.3225,30751.0325,2926.7,941.8275,1038.345,212.39499999999998,1588106.0,4005.0,4.888745026954496,80.53058676654182,70.79831020851097
Sacramento County,2022.0,2,1.5,100.0,0.0,100.0,100.0,Sacramento County,3301.5,315.925,2250.8125,215.38,31891.6875,3051.7650000000003,1050.6875,1073.9325,223.74,1584169.0,3938.625,4.799912845266827,83.82366942778255,68.17545055277904
Sacramento County,2023.0,4,1.0,50.0,0.0,50.0,50.0,Sacramento County,3097.25,296.3825,1998.21,191.20999999999998,33498.405,3205.5125000000003,2098.145,991.985,204.57,1584169.0,3673.125,4.8491225497384765,84.32193295899269,64.51561869400274
San Benito County,2022.0,4,1.25,75.0,0.0,50.0,75.0,San Benito County,104.0,232.7825,,,1851.0,4143.07,104.0,,,67579.0,142.0,,73.23943661971832,
San Bernardino County,2020.0,3,0.3333333333333333,66.66666666666666,33.33333333333333,66.66666666666666,66.66666666666666,San Bernardino County,5263.0,362.0325,4291.4525,295.2,65254.1875,4488.7175,971.5475,924.125,312.5875,2183239.0,7624.0,2.9563722157795818,69.03200419727177,81.54004370131105
San Bernardino County,2021.0,7,0.6666666666666666,57.14285714285714,28.57142857142857,42.857142857142854,42.857142857142854,San Bernardino County,5184.25,354.43,4088.4775,279.515,55635.5,3803.6125,1095.7725,1048.855,355.85,2192882.0,7615.125,2.94746381902487,68.07833095320169,78.86343251193519
San Diego County,2015.0,2,0.0,0.0,0.0,0.0,0.0,San Diego County,5561.4375,248.2425,2661.0725,118.78,86187.625,3847.11,2900.365,835.1800000000001,205.855,3262199.0,5848.75,4.057127589808361,95.0876255610173,47.8486452468449
San Diego County,2017.0,4,0.25,50.0,25.0,25.0,50.0,San Diego County,6287.0,279.5725,3060.9975,136.1175,83122.6875,3696.3625,3226.0025,923.355,233.075,3292892.0,6154.5,3.9616217955593696,102.15289625477293,48.687728646413234
San Diego County,2018.0,2,0.0,0.0,0.0,0.0,0.0,San Diego County,6153.0,273.4975,3367.29,149.6725,82913.5625,3685.44,2785.71,910.1375,218.3325,3302501.0,6177.6875,4.16858461291837,99.60037635442065,54.72598732325695
San Diego County,2019.0,2,1.0,50.0,0.0,50.0,0.0,San Diego County,6284.9375,280.845,3869.1775000000002,172.8975,78915.125,3526.34,2415.76,939.8175,208.5125,3297009.0,6184.0,4.5072477669204485,101.63223641655885,61.56270448194593
San Diego County,2020.0,3,1.0,66.66666666666666,0.0,66.66666666666666,33.33333333333333,San Diego County,4831.5625,216.6425,2974.3375,133.3675,62728.875,2812.705,1857.225,699.4275,150.4275,3296045.0,6176.625,4.649598643864985,78.22334203549673,61.560571761205615
San Diego County,2021.0,3,2.0,100.0,0.0,100.0,0.0,San Diego County,4472.625,202.5475,2939.085,133.1,48243.8125,2184.775,1533.54,726.2775,144.4525,3274954.0,6173.5,5.027794603762483,72.448772981291,65.71275257818395
San Diego County,2022.0,2,0.0,0.0,0.0,0.0,0.0,San Diego County,4491.8125,203.60750000000002,2847.3275,129.0675,51363.1875,2328.25,1644.4850000000001,765.1800000000001,143.975,3276208.0,6189.375,5.314672686230249,72.57295768958902,63.38927771361783
San Francisco County,2016.0,3,1.0,66.66666666666666,0.0,66.66666666666666,66.66666666666666,San Francisco County,1294.5,201.3375,896.655,139.45749999999998,18162.0,2824.7675,397.845,1912.6475,107.83,873537.0,1562.0,17.737619400908837,82.87451984635084,69.26651216685978
San Francisco County,2019.0,2,0.0,0.0,0.0,0.0,0.0,San Francisco County,1256.0,195.72,1065.7325,166.0675,17331.3125,2700.6825,190.26749999999998,1643.1275,98.985,881972.0,1562.375,16.59976259029146,80.39043123449876,84.85131369426753
San Francisco County,2020.0,11,0.8181818181818182,63.63636363636363,27.27272727272727,63.63636363636363,36.36363636363637,San Francisco County,851.2525,135.39,827.8175,131.66,14383.625,2287.6825,23.435000000000002,1095.57,69.395,870393.0,1502.375,15.787448663448375,56.66045428072219,97.24699780617384
San Francisco County,2021.0,8,1.2857142857142858,62.5,0.0,50.0,50.0,San Francisco County,805.0725,140.94,776.55,135.9475,10738.9375,1880.0249999999999,38.03,1131.61,74.6675,811253.0,1256.5,15.155321927210633,64.0726223637087,96.45715137456564
San Francisco County,2022.0,5,0.25,20.0,0.0,0.0,20.0,San Francisco County,806.5,142.025,449.355,79.13,10060.9375,1771.7224999999999,357.145,1130.9125,72.1725,808437.0,1236.0,15.669576362187813,65.25080906148867,55.71667699938004
San Luis Obispo County,2015.0,16,0.5,50.0,6.25,43.75,6.25,San Luis Obispo County,534.5,284.345,268.03,142.5875,11080.3125,5894.5675,266.47,474.21500000000003,257.0075,280153.0,787.5625,1.8451407060105252,67.86762955321007,50.14593077642656
San Luis Obispo County,2016.0,18,0.1111111111111111,22.22222222222222,11.11111111111111,11.11111111111111,16.666666666666664,San Luis Obispo County,542.0,288.7,299.575,159.57,11337.3125,6038.8975,242.425,558.2975,263.61,281865.0,818.0,2.117891961609954,66.25916870415648,55.27214022140221
San Luis Obispo County,2017.0,11,0.2727272727272727,36.36363636363637,9.090909090909092,27.27272727272727,27.27272727272727,San Luis Obispo County,571.5,305.9825,303.94,162.73000000000002,11419.125,6113.837500000001,267.56,661.29,287.93,282376.0,902.0,2.2967040600145867,63.35920177383591,53.182852143482066
San Luis Obispo County,2018.0,31,0.2,29.03225806451613,16.129032258064516,25.806451612903224,9.67741935483871,San Luis Obispo County,527.75,283.77500000000003,287.315,154.49,11498.0625,6182.585,240.435,693.155,271.65749999999997,283146.0,888.0,2.551576893698867,59.43130630630631,54.44149692089057
San Luis Obispo County,2019.0,53,0.25,18.867924528301888,5.660377358490567,18.867924528301888,9.433962264150944,San Luis Obispo County,539.0,292.945,262.745,142.8025,10771.25,5854.165,276.255,786.47,281.9075,282612.0,804.0,2.789815808376861,67.03980099502488,48.74675324675325
San Luis Obispo County,2020.0,41,0.35714285714285715,31.70731707317073,9.75609756097561,41.46341463414634,26.82926829268293,San Luis Obispo County,427.5625,234.9425,164.9925,90.6625,9208.5625,5060.065,262.57,616.9275,219.5,281879.0,797.0,2.8106036446469247,53.646486825595986,38.589095161526096
San Luis Obispo County,2021.0,41,0.2413793103448276,34.146341463414636,14.634146341463413,34.146341463414636,29.268292682926827,San Luis Obispo County,396.25,222.1775,135.32,75.875,6605.375,3703.6425,260.93,471.10499999999996,201.2975,279298.0,797.0,2.340342031073411,49.7176913425345,34.15015772870662
San Luis Obispo County,2022.0,16,0.4666666666666667,56.25,18.75,56.25,50.0,San Luis Obispo County,422.5,234.91,175.445,97.5475,6490.6875,3608.805,247.055,489.22749999999996,209.4,282013.0,797.0,2.336329990448901,53.011292346298625,41.525443786982244
San Mateo County,2015.0,2,0.0,0.0,0.0,0.0,0.0,San Mateo County,862.0,166.88,301.57,58.385000000000005,15153.625,2933.675,560.43,1388.425,109.3575,767551.0,884.625,12.696202821022792,97.44241910414017,34.984918793503475
San Mateo County,2017.0,2,-1.0,0.0,50.0,0.0,0.0,San Mateo County,1018.25,196.32,615.0825,118.5875,14698.25,2833.83,403.1675,1679.1575,131.1675,771430.0,1344.0,12.801627689785962,75.76264880952381,60.405843358703656
San Mateo County,2018.0,18,0.8888888888888888,33.33333333333333,5.555555555555555,33.33333333333333,16.666666666666664,San Mateo County,988.0,190.6975,618.225,119.3275,14989.0,2893.0825,369.775,1663.1225,124.925,771521.0,1360.0,13.312967780668401,72.6470588235294,62.57338056680162
San Mateo County,2019.0,13,0.3333333333333333,30.76923076923077,15.384615384615385,15.384615384615385,23.076923076923077,San Mateo County,1016.5,197.365,704.8199999999999,136.8475,14579.5,2830.735,311.68,1656.6775,123.93249999999999,768268.0,1360.0,13.367579125733767,74.74264705882354,69.33792424987702
San Mateo County,2020.0,33,-0.045454545454545456,15.151515151515152,18.181818181818183,12.121212121212121,12.121212121212121,San Mateo County,733.0,143.78,517.9675,101.60249999999999,11309.25,2218.315,215.0325,1168.1,87.89,762511.0,1360.0,13.290476732278984,53.897058823529406,70.66405184174624
San Mateo County,2021.0,12,0.2857142857142857,25.0,8.333333333333332,25.0,16.666666666666664,San Mateo County,752.5,153.575,358.2125,73.10499999999999,8427.3125,1719.9,394.2875,1243.2024999999999,94.11,739060.0,1360.0,13.210099883115502,55.33088235294118,47.60299003322259
Santa Barbara County,2019.0,4,0.0,50.0,50.0,50.0,50.0,Santa Barbara County,946.25,319.94,692.0575,233.99,13385.1875,4525.6775,254.1925,928.15,201.70749999999998,448179.0,866.125,4.60146499262546,109.25097416654638,73.13685601056802
Santa Barbara County,2020.0,4,0.75,50.0,25.0,75.0,75.0,Santa Barbara County,719.625,244.2425,533.335,181.015,10747.4375,3647.7025,186.29,610.2575,147.52,448244.0,1000.5,4.136778063991323,71.92653673163419,74.11290602744486
Santa Barbara County,2021.0,5,0.2,20.0,20.0,40.0,40.0,Santa Barbara County,639.25,225.475,480.555,169.5,8810.5,3107.605,158.695,645.6800000000001,162.845,437434.0,852.125,3.964997390156284,75.01833651166201,75.17481423543215
Santa Clara County,2019.0,3,2.0,66.66666666666666,0.0,66.66666666666666,0.0,Santa Clara County,3285.0,246.3775,2507.855,188.09,25967.375,1947.5774999999999,777.145,1275.7725,155.375,1943693.0,3954.9375,8.210925181013677,83.06073104821505,76.34261796042618
Santa Clara County,2020.0,2,0.0,0.0,0.0,100.0,100.0,Santa Clara County,2372.5,179.1475,1755.045,132.5225,21481.8125,1622.0974999999999,617.4549999999999,846.0999999999999,106.44999999999999,1931026.0,3932.0625,7.948332550493189,60.33729117988334,73.97449947312961
Santa Clara County,2021.0,13,0.8888888888888888,53.84615384615385,7.6923076923076925,61.53846153846154,23.076923076923077,Santa Clara County,2363.25,183.2575,1868.445,144.8875,16022.4375,1242.4525,494.805,851.4225,115.6225,1886595.0,3932.0,7.363813271638306,60.103001017294,79.06251983497302
Santa Clara County,2022.0,9,1.5555555555555556,100.0,0.0,100.0,77.77777777777779,Santa Clara County,2801.5,219.0625,2452.6175000000003,191.7825,18225.8125,1425.175,348.8825,1034.1075,139.9375,1870945.0,3932.0,7.389781152300134,71.24872838250255,87.54658218811352
Siskiyou County,2019.0,2,-1.5,0.0,100.0,0.0,0.0,Siskiyou County,91.5,360.065,77.10499999999999,303.41999999999996,2732.0625,10751.0725,52.9475,1540.265,295.47,44330.0,104.0,5.212931938944732,87.98076923076923,84.26775956284152
Sonoma County,2019.0,3,0.6666666666666666,66.66666666666666,33.33333333333333,66.66666666666666,66.66666666666666,Sonoma County,1035.75,329.2775,652.1625,207.33,17594.8125,5593.6275,383.5875,1583.4675,276.245,490617.0,1460.625,5.73211279842169,70.91142490372272,62.96524257784215
Sonoma County,2020.0,4,-1.0,0.0,75.0,25.0,25.0,Sonoma County,742.75,238.8175,474.355,152.5175,14028.625,4510.625,268.395,970.7225000000001,172.39249999999998,488281.0,1318.3125,5.630885914410431,56.34096619731665,63.864692022887915
Sonoma County,2021.0,3,0.3333333333333333,33.33333333333333,33.33333333333333,33.33333333333333,33.33333333333333,Sonoma County,682.25,222.465,456.5175,148.8625,10518.125,3429.73,225.73250000000002,848.565,172.245,484315.0,942.9375,4.926500043542628,72.35368197786174,66.9135214364236
Stanislaus County,2018.0,3,0.3333333333333333,33.33333333333333,0.0,33.33333333333333,33.33333333333333,Stanislaus County,1190.0,334.7925,743.335,209.1325,18404.9375,5178.06,446.665,1145.46,302.90999999999997,549861.0,1305.125,3.78151926314747,91.17900584235227,62.465126050420174
Stanislaus County,2019.0,6,0.0,50.0,50.0,50.0,33.33333333333333,Stanislaus County,1203.75,338.065,849.4725000000001,238.565,19292.0625,5418.0375,354.27750000000003,1025.675,379.0425,552038.0,1669.8125,2.7059630516366897,72.08893214058465,70.56884735202493
Stanislaus County,2020.0,6,-0.8333333333333334,16.666666666666664,66.66666666666666,33.33333333333333,33.33333333333333,Stanislaus County,1193.75,334.9325,930.3025,261.0175,17867.9375,5013.2375,263.4475,1068.295,399.335,553217.0,1547.0625,2.675184995054278,77.16236415787985,77.9310994764398
Stanislaus County,2021.0,18,-0.7333333333333333,5.555555555555555,50.0,11.11111111111111,11.11111111111111,Stanislaus County,1230.0,344.8925,913.6375,256.185,15715.5,4406.6575,316.3625,1327.4025,342.3825,552851.0,1746.875,3.8769577884383692,70.41144901610018,74.27947154471545
Sutter County,2021.0,5,1.0,60.0,0.0,80.0,80.0,Sutter County,146.25,233.905,121.98,195.09,2950.125,4718.3125,24.27,694.505,340.61,99038.0,394.0,2.039003552450016,37.119289340101524,83.40512820512821
Sutter County,2022.0,4,0.5,50.0,0.0,0.0,75.0,Sutter County,142.5,229.0575,132.135,212.395,4148.5625,6668.4275,10.365,703.445,304.7425,98503.0,394.0,2.308325881686998,36.16751269035533,92.72631578947367
Tulare County,2018.0,3,-0.6666666666666666,33.33333333333333,66.66666666666666,33.33333333333333,33.33333333333333,Tulare County,1499.0,506.1825,938.4875,316.90749999999997,19007.6875,6418.5225,560.5125,1024.33,513.785,468216.0,1750.875,1.993693860272293,85.6143356892982,62.607571714476315
Tulare County,2020.0,3,-0.6666666666666666,0.0,33.33333333333333,66.66666666666666,66.66666666666666,Tulare County,1197.3125,398.255,973.1425,323.6925,7465.125,2483.08,224.17,1334.6725000000001,335.3275,473891.0,1825.1875,3.980205918094997,65.5994247166387,81.27723547528319
Tulare County,2021.0,5,-0.2,20.0,40.0,20.0,20.0,Tulare County,1273.75,418.8375,966.495,317.805,6005.5625,1974.76,307.255,1348.81,375.59499999999997,476946.0,1627.5625,3.5911287423953993,78.26120348680926,75.87791952894996
Tuolumne County,2019.0,2,0.5,50.0,50.0,50.0,50.0,Tuolumne County,143.5,437.16499999999996,56.605000000000004,172.445,2973.5625,9058.835000000001,115.1975,,412.71,55379.0,147.0,,97.61904761904762,39.44599303135889
Tuolumne County,2021.0,4,-0.5,0.0,50.0,50.0,50.0,Tuolumne County,85.75,267.32,,,2951.0,9199.45,85.75,,,55065.0,147.0,,58.333333333333336,
Ventura County,2016.0,45,-0.4074074074074074,6.666666666666667,28.888888888888886,6.666666666666667,6.666666666666667,Ventura County,1640.75,292.1375,1191.4375,212.1375,27967.75,4979.7025,449.3125,1039.105,202.58499999999998,847769.0,1606.0,5.129229706049313,102.16376089663761,72.61541977754075
Ventura County,2017.0,38,-0.5,7.894736842105263,26.31578947368421,2.631578947368421,10.526315789473683,Ventura County,1581.75,281.78999999999996,1138.31,202.79250000000002,28786.375,5128.32,443.44,922.25,214.07,849155.0,1606.0,4.308170224692858,98.49003735990037,71.96522838628101
Ventura County,2018.0,39,-0.18181818181818182,10.256410256410255,20.51282051282051,0.0,2.564102564102564,Ventura County,1489.0,266.4425,886.1125,158.5625,30699.9375,5493.400000000001,602.8875,862.9875,194.15,848213.0,1614.25,4.444952356425444,92.24097878271643,59.510577568838144
Ventura County,2019.0,144,-0.5333333333333333,0.6944444444444444,4.166666666666666,2.7777777777777777,2.083333333333333,Ventura County,1618.25,291.5775,1041.4575,187.65249999999997,29002.8125,5225.76,576.7925,991.3475000000001,191.35,845302.0,1647.25,5.180807420956364,98.23949005918956,64.3570214738143
Ventura County,2020.0,20,0.0,20.0,10.0,0.0,0.0,Ventura County,1277.1875,231.39999999999998,841.4075,152.445,25363.5625,4595.3150000000005,435.78,669.975,150.32,843310.0,1650.0,4.456991750931347,77.40530303030303,65.87971617323221
Ventura County,2021.0,10,-1.0,0.0,10.0,0.0,0.0,Ventura County,1267.25,231.16,817.175,149.0625,20510.6875,3741.38,450.075,659.9200000000001,147.85,839358.0,1650.0,4.463442678390261,76.80303030303031,64.484119155652
Yolo County,2015.0,3,1.5,66.66666666666666,0.0,66.66666666666666,33.33333333333333,Yolo County,383.25,258.0025,279.1675,187.935,8069.5,5432.360000000001,104.0825,1023.1025,241.45499999999998,210265.0,451.0625,4.237238822969084,84.96605237633365,72.84213959556426
Yolo County,2016.0,2,2.0,50.0,0.0,50.0,50.0,Yolo County,380.75,252.7975,288.24,191.375,7944.125,5274.4225,92.51,1289.755,235.415,213404.0,455.0,5.478644096595374,83.68131868131869,75.7032173342088
Yolo County,2017.0,2,-1.0,0.0,50.0,0.0,0.0,Yolo County,386.25,253.745,272.745,179.175,7769.0,5103.7625,113.505,1569.3025,244.7925,215885.0,454.4375,6.410745835758857,84.99518635675973,70.61359223300971
Yolo County,2018.0,6,0.0,50.0,33.33333333333333,50.0,16.666666666666664,Yolo County,346.75,227.0375,239.11,156.56,7467.9375,4889.7625,227.195,1473.46,230.805,217104.0,452.1875,6.384003812742359,76.68279198341395,68.957462148522
Yolo County,2019.0,2,1.5,100.0,0.0,50.0,0.0,Yolo County,328.75,216.26749999999998,,,7254.125,4772.1375,328.75,,,216670.0,452.0,,72.73230088495575,
Yolo County,2020.0,6,1.1666666666666667,83.33333333333334,0.0,66.66666666666666,66.66666666666666,Yolo County,226.8125,149.73,,,7238.0,4778.19,226.8125,,,216291.0,452.0,,50.17975663716814,
Yolo County,2021.0,13,1.5384615384615385,84.61538461538461,0.0,92.3076923076923,46.15384615384615,Yolo County,254.75,171.995,,,7238.0,4886.71,254.75,,,213039.0,452.0,,56.36061946902655,
Yuba County,2019.0,5,-0.2,40.0,60.0,40.0,40.0,Yuba County,365.5,708.6775,351.68,681.88,5168.5625,10021.4525,189.66,1151.7649999999999,512.6800000000001,80212.0,426.0,2.246557306702036,85.7981220657277,96.21887824897401
Yuba County,2020.0,4,1.25,75.0,25.0,75.0,75.0,Yuba County,276.125,524.755,,,5151.0,9789.05,276.125,,,81994.0,426.0,,64.81807511737088,
Yuba County,2021.0,2,0.5,50.0,50.0,100.0,100.0,Yuba County,199.75,374.205,,,5151.0,9649.68,199.75,,,83216.0,426.0,,46.88967136150235,
Yuba County,2022.0,2,-1.0,0.0,100.0,0.0,0.0,Yuba County,240.0,444.1625,,,5151.0,9532.89,240.0,,,84310.0,426.0,,56.33802816901409,
